persona_id,persona_name,age,occupation,residence,income_band,user_id,transaction_id,source,direction,transaction_type,payment_method,transaction_date,day_of_week,transaction_time,category,subcategory,merchant,merchant_id,amount_krw,account_id,card_id,is_fixed,is_recurring,classify_source,confirm_status,exclude_tag,status,memo
P-DEMO-001,김하늘,28,SSAFY 교육생,서울 관악구,월 300~350만원,USR-DEMO-001,TX-DEMO-0001,SEED,EXPENSE,CARD,CARD,2026-06-06,토,08:56,식비,카페,편의점 커피,M-01,2800,,CARD-DEMO-001,false,false,USER,CONFIRMED,NONE,NORMAL,
P-DEMO-001,김하늘,28,SSAFY 교육생,서울 관악구,월 300~350만원,USR-DEMO-001,TX-DEMO-0002,SEED,EXPENSE,CARD,CARD,2026-06-07,일,14:31,여가·문화,영화/공연,영화관,M-05,16800,,CARD-DEMO-001,false,false,MODEL,AUTO,NONE,NORMAL,주말 일정
P-DEMO-001,김하늘,28,SSAFY 교육생,서울 관악구,월 300~350만원,USR-DEMO-001,TX-DEMO-0003,SEED,EXPENSE,CARD,CARD,2026-06-07,일,17:52,식비,저녁/외식,국수집,M-02,13400,,CARD-DEMO-001,false,false,MODEL,AUTO,NONE,NORMAL,주말 약속
P-DEMO-001,김하늘,28,SSAFY 교육생,서울 관악구,월 300~350만원,USR-DEMO-001,TX-DEMO-0004,SEED,EXPENSE,CARD,CARD,2026-06-07,일,21:01,사회·경조,모임,친구 모임,M-04,36000,,CARD-DEMO-001,false,false,MERCHANT_MAP,AUTO,NONE,NORMAL,약속·모임
P-DEMO-001,김하늘,28,SSAFY 교육생,서울 관악구,월 300~350만원,USR-DEMO-001,TX-DEMO-0005,SEED,EXPENSE,CARD,CARD,2026-06-07,일,23:11,교통,택시,서울 택시,M-03,23300,,CARD-DEMO-001,false,false,MERCHANT_MAP,AUTO,NONE,NORMAL,
P-DEMO-001,김하늘,28,SSAFY 교육생,서울 관악구,월 300~350만원,USR-DEMO-001,TX-DEMO-0006,SEED,EXPENSE,CARD,CARD,2026-06-08,월,08:06,교통,대중교통,서울교통공사,M-07,2450,,CARD-DEMO-001,false,false,USER,CONFIRMED,NONE,NORMAL,통학·이동
P-DEMO-001,김하늘,28,SSAFY 교육생,서울 관악구,월 300~350만원,USR-DEMO-001,TX-DEMO-0007,SEED,EXPENSE,WITHDRAW,ACCOUNT,2026-06-08,월,08:35,주거·통신,월세,원룸 월세,M-06,766300,ACC-DEMO-001,,true,true,MERCHANT_MAP,AUTO,NONE,NORMAL,월 정기 지출
P-DEMO-001,김하늘,28,SSAFY 교육생,서울 관악구,월 300~350만원,USR-DEMO-001,TX-DEMO-0008,SEED,EXPENSE,CARD,CARD,2026-06-08,월,12:36,식비,점심,백반집,M-08,8400,,CARD-DEMO-001,false,false,MERCHANT_MAP,PENDING,NONE,NORMAL,평일 점심
P-DEMO-001,김하늘,28,SSAFY 교육생,서울 관악구,월 300~350만원,USR-DEMO-001,TX-DEMO-0009,SEED,EXPENSE,CARD,CARD,2026-06-08,월,14:34,식비,편의점,GS25,M-09,5700,,CARD-DEMO-001,false,false,MODEL,AUTO,NONE,NORMAL,
P-DEMO-001,김하늘,28,SSAFY 교육생,서울 관악구,월 300~350만원,USR-DEMO-001,TX-DEMO-0010,SEED,EXPENSE,CARD,CARD,2026-06-09,화,07:33,교통,대중교통,서울교통공사,M-07,1850,,CARD-DEMO-001,false,false,USER,CONFIRMED,NONE,NORMAL,통학·이동
P-DEMO-001,김하늘,28,SSAFY 교육생,서울 관악구,월 300~350만원,USR-DEMO-001,TX-DEMO-0011,SEED,EXPENSE,CARD,CARD,2026-06-09,화,12:54,식비,카페,프랜차이즈 카페,M-11,5100,,CARD-DEMO-001,false,false,MERCHANT_MAP,AUTO,NONE,NORMAL,
P-DEMO-001,김하늘,28,SSAFY 교육생,서울 관악구,월 300~350만원,USR-DEMO-001,TX-DEMO-0012,SEED,EXPENSE,CARD,CARD,2026-06-09,화,13:20,식비,점심,구내식당,M-10,10000,,CARD-DEMO-001,false,false,MERCHANT_MAP,AUTO,NONE,NORMAL,평일 점심
P-DEMO-001,김하늘,28,SSAFY 교육생,서울 관악구,월 300~350만원,USR-DEMO-001,TX-DEMO-0013,SEED,EXPENSE,CARD,CARD,2026-06-10,수,08:00,교통,대중교통,서울교통공사,M-07,1700,,CARD-DEMO-001,false,false,MERCHANT_MAP,AUTO,NONE,NORMAL,통학·이동
P-DEMO-001,김하늘,28,SSAFY 교육생,서울 관악구,월 300~350만원,USR-DEMO-001,TX-DEMO-0014,SEED,EXPENSE,CARD,CARD,2026-06-10,수,12:42,식비,점심,백반집,M-08,11200,,CARD-DEMO-001,false,false,MODEL,AUTO,NONE,NORMAL,평일 점심
P-DEMO-001,김하늘,28,SSAFY 교육생,서울 관악구,월 300~350만원,USR-DEMO-001,TX-DEMO-0015,SEED,EXPENSE,CARD,CARD,2026-06-10,수,13:17,식비,카페,동네 카페,M-12,3900,,CARD-DEMO-001,false,false,MERCHANT_MAP,AUTO,NONE,NORMAL,
P-DEMO-001,김하늘,28,SSAFY 교육생,서울 관악구,월 300~350만원,USR-DEMO-001,TX-DEMO-0016,SEED,EXPENSE,CARD,CARD,2026-06-10,수,21:34,식비,저녁/외식,고깃집,M-13,44400,,CARD-DEMO-001,false,false,MERCHANT_MAP,AUTO,NONE,NORMAL,저녁 식사
P-DEMO-001,김하늘,28,SSAFY 교육생,서울 관악구,월 300~350만원,USR-DEMO-001,TX-DEMO-0017,SEED,EXPENSE,CARD,CARD,2026-06-11,목,08:40,교통,대중교통,서울교통공사,M-07,2700,,CARD-DEMO-001,false,false,MERCHANT_MAP,AUTO,NONE,NORMAL,통학·이동
P-DEMO-001,김하늘,28,SSAFY 교육생,서울 관악구,월 300~350만원,USR-DEMO-001,TX-DEMO-0018,SEED,EXPENSE,CARD,CARD,2026-06-11,목,12:23,식비,점심,분식집,M-14,7800,,CARD-DEMO-001,false,false,MERCHANT_MAP,AUTO,NONE,NORMAL,평일 점심
P-DEMO-001,김하늘,28,SSAFY 교육생,서울 관악구,월 300~350만원,USR-DEMO-001,TX-DEMO-0019,SEED,EXPENSE,CARD,CARD,2026-06-11,목,13:24,식비,카페,동네 카페,M-12,4300,,CARD-DEMO-001,false,false,MERCHANT_MAP,AUTO,NONE,NORMAL,
P-DEMO-001,김하늘,28,SSAFY 교육생,서울 관악구,월 300~350만원,USR-DEMO-001,TX-DEMO-0020,SEED,EXPENSE,CARD,CARD,2026-06-12,금,07:50,주거·통신,구독,동영상 스트리밍,M-15,16500,,CARD-DEMO-001,true,true,MERCHANT_MAP,AUTO,NONE,NORMAL,자동 결제
P-DEMO-001,김하늘,28,SSAFY 교육생,서울 관악구,월 300~350만원,USR-DEMO-001,TX-DEMO-0021,SEED,EXPENSE,CARD,CARD,2026-06-12,금,08:06,교통,대중교통,서울교통공사,M-07,2150,,CARD-DEMO-001,false,false,USER,CONFIRMED,NONE,NORMAL,통학·이동
P-DEMO-001,김하늘,28,SSAFY 교육생,서울 관악구,월 300~350만원,USR-DEMO-001,TX-DEMO-0022,SEED,EXPENSE,CARD,CARD,2026-06-12,금,13:08,식비,점심,분식집,M-14,6800,,CARD-DEMO-001,false,false,MERCHANT_MAP,AUTO,NONE,NORMAL,평일 점심
P-DEMO-001,김하늘,28,SSAFY 교육생,서울 관악구,월 300~350만원,USR-DEMO-001,TX-DEMO-0023,SEED,EXPENSE,CARD,CARD,2026-06-12,금,13:55,식비,장보기,시장,M-16,24000,,CARD-DEMO-001,false,false,USER,CONFIRMED,NONE,NORMAL,식재료 구매
P-DEMO-001,김하늘,28,SSAFY 교육생,서울 관악구,월 300~350만원,USR-DEMO-001,TX-DEMO-0024,SEED,EXPENSE,CARD,CARD,2026-06-13,토,13:48,여가·문화,취미,문구·취미점,M-18,30700,,CARD-DEMO-001,false,false,MERCHANT_MAP,AUTO,NONE,NORMAL,여가
P-DEMO-001,김하늘,28,SSAFY 교육생,서울 관악구,월 300~350만원,USR-DEMO-001,TX-DEMO-0025,SEED,EXPENSE,CARD,CARD,2026-06-13,토,18:53,사회·경조,모임,동료 모임,M-17,69000,,CARD-DEMO-001,false,false,MODEL,AUTO,NONE,NORMAL,약속·모임
P-DEMO-001,김하늘,28,SSAFY 교육생,서울 관악구,월 300~350만원,USR-DEMO-001,TX-DEMO-0026,SEED,EXPENSE,CARD,CARD,2026-06-14,일,18:59,교통,택시,카카오T,M-19,10800,,CARD-DEMO-001,false,false,MERCHANT_MAP,AUTO,NONE,NORMAL,
P-DEMO-001,김하늘,28,SSAFY 교육생,서울 관악구,월 300~350만원,USR-DEMO-001,TX-DEMO-0027,SEED,EXPENSE,CARD,CARD,2026-06-14,일,22:10,식비,저녁/외식,고깃집,M-13,35500,,CARD-DEMO-001,false,false,MODEL,AUTO,NONE,NORMAL,저녁 식사
P-DEMO-001,김하늘,28,SSAFY 교육생,서울 관악구,월 300~350만원,USR-DEMO-001,TX-DEMO-0028,SEED,EXPENSE,CARD,CARD,2026-06-15,월,08:23,교통,대중교통,서울교통공사,M-07,2150,,CARD-DEMO-001,false,false,MERCHANT_MAP,AUTO,NONE,NORMAL,통학·이동
P-DEMO-001,김하늘,28,SSAFY 교육생,서울 관악구,월 300~350만원,USR-DEMO-001,TX-DEMO-0029,SEED,EXPENSE,WITHDRAW,ACCOUNT,2026-06-15,월,09:05,주거·통신,통신,휴대폰 요금,M-20,69600,ACC-DEMO-001,,true,true,MERCHANT_MAP,AUTO,NONE,NORMAL,월 정기 지출
P-DEMO-001,김하늘,28,SSAFY 교육생,서울 관악구,월 300~350만원,USR-DEMO-001,TX-DEMO-0030,SEED,EXPENSE,CARD,CARD,2026-06-15,월,12:16,식비,점심,샐러드 가게,M-21,11000,,CARD-DEMO-001,false,false,USER,CONFIRMED,NONE,NORMAL,평일 점심
P-DEMO-001,김하늘,28,SSAFY 교육생,서울 관악구,월 300~350만원,USR-DEMO-001,TX-DEMO-0031,SEED,EXPENSE,CARD,CARD,2026-06-15,월,12:51,식비,편의점,GS25,M-09,3000,,CARD-DEMO-001,false,false,MERCHANT_MAP,AUTO,NONE,NORMAL,
P-DEMO-001,김하늘,28,SSAFY 교육생,서울 관악구,월 300~350만원,USR-DEMO-001,TX-DEMO-0032,SEED,EXPENSE,CARD,CARD,2026-06-16,화,08:45,교통,대중교통,서울교통공사,M-07,1950,,CARD-DEMO-001,false,false,MERCHANT_MAP,AUTO,NONE,NORMAL,통학·이동
P-DEMO-001,김하늘,28,SSAFY 교육생,서울 관악구,월 300~350만원,USR-DEMO-001,TX-DEMO-0033,SEED,EXPENSE,CARD,CARD,2026-06-16,화,13:18,식비,점심,구내식당,M-10,9000,,CARD-DEMO-001,false,false,MERCHANT_MAP,AUTO,NONE,NORMAL,평일 점심
P-DEMO-001,김하늘,28,SSAFY 교육생,서울 관악구,월 300~350만원,USR-DEMO-001,TX-DEMO-0034,SEED,EXPENSE,CARD,CARD,2026-06-16,화,16:15,식비,카페,프랜차이즈 카페,M-11,4900,,CARD-DEMO-001,false,false,MERCHANT_MAP,AUTO,NONE,NORMAL,
P-DEMO-001,김하늘,28,SSAFY 교육생,서울 관악구,월 300~350만원,USR-DEMO-001,TX-DEMO-0035,SEED,EXPENSE,CARD,CARD,2026-06-16,화,16:39,쇼핑,생활용품,쿠팡,M-22,136000,,CARD-DEMO-001,false,false,MERCHANT_MAP,AUTO,NONE,NORMAL,비정기 구매
P-DEMO-001,김하늘,28,SSAFY 교육생,서울 관악구,월 300~350만원,USR-DEMO-001,TX-DEMO-0036,SEED,EXPENSE,CARD,CARD,2026-06-16,화,18:24,사회·경조,모임,동료 모임,M-17,46000,,CARD-DEMO-001,false,false,MERCHANT_MAP,AUTO,NONE,NORMAL,약속·모임
P-DEMO-001,김하늘,28,SSAFY 교육생,서울 관악구,월 300~350만원,USR-DEMO-001,TX-DEMO-0037,SEED,EXPENSE,CARD,CARD,2026-06-17,수,09:09,교통,대중교통,서울교통공사,M-07,2850,,CARD-DEMO-001,false,false,USER,CONFIRMED,NONE,NORMAL,통학·이동
P-DEMO-001,김하늘,28,SSAFY 교육생,서울 관악구,월 300~350만원,USR-DEMO-001,TX-DEMO-0038,SEED,EXPENSE,CARD,CARD,2026-06-18,목,08:15,교통,대중교통,서울교통공사,M-07,2950,,CARD-DEMO-001,false,false,MERCHANT_MAP,AUTO,NONE,NORMAL,통학·이동
P-DEMO-001,김하늘,28,SSAFY 교육생,서울 관악구,월 300~350만원,USR-DEMO-001,TX-DEMO-0039,SEED,EXPENSE,CARD,CARD,2026-06-18,목,16:21,식비,카페,프랜차이즈 카페,M-11,5400,,CARD-DEMO-001,false,false,MERCHANT_MAP,AUTO,NONE,NORMAL,
P-DEMO-001,김하늘,28,SSAFY 교육생,서울 관악구,월 300~350만원,USR-DEMO-001,TX-DEMO-0040,SEED,EXPENSE,CARD,CARD,2026-06-18,목,19:01,교통,택시,카카오T,M-19,20700,,CARD-DEMO-001,false,false,MERCHANT_MAP,AUTO,NONE,NORMAL,
P-DEMO-001,김하늘,28,SSAFY 교육생,서울 관악구,월 300~350만원,USR-DEMO-001,TX-DEMO-0041,SEED,EXPENSE,CARD,CARD,2026-06-19,금,07:47,교통,대중교통,서울교통공사,M-07,3150,,CARD-DEMO-001,false,false,MODEL,AUTO,NONE,NORMAL,통학·이동
P-DEMO-001,김하늘,28,SSAFY 교육생,서울 관악구,월 300~350만원,USR-DEMO-001,TX-DEMO-0042,SEED,EXPENSE,CARD,CARD,2026-06-19,금,10:08,식비,카페,편의점 커피,M-01,2300,,CARD-DEMO-001,false,false,MERCHANT_MAP,AUTO,NONE,NORMAL,
P-DEMO-001,김하늘,28,SSAFY 교육생,서울 관악구,월 300~350만원,USR-DEMO-001,TX-DEMO-0043,SEED,EXPENSE,CARD,CARD,2026-06-19,금,12:47,식비,점심,분식집,M-14,7000,,CARD-DEMO-001,false,false,MERCHANT_MAP,AUTO,NONE,NORMAL,평일 점심
P-DEMO-001,김하늘,28,SSAFY 교육생,서울 관악구,월 300~350만원,USR-DEMO-001,TX-DEMO-0044,SEED,EXPENSE,WITHDRAW,ACCOUNT,2026-06-20,토,08:20,주거·통신,인터넷,인터넷 요금,M-23,35200,ACC-DEMO-001,,true,true,USER,CONFIRMED,NONE,NORMAL,월 정기 지출
P-DEMO-001,김하늘,28,SSAFY 교육생,서울 관악구,월 300~350만원,USR-DEMO-001,TX-DEMO-0045,SEED,EXPENSE,CARD,CARD,2026-06-20,토,10:22,식비,카페,프랜차이즈 카페,M-11,4500,,CARD-DEMO-001,false,false,MERCHANT_MAP,AUTO,NONE,NORMAL,
P-DEMO-001,김하늘,28,SSAFY 교육생,서울 관악구,월 300~350만원,USR-DEMO-001,TX-DEMO-0046,SEED,EXPENSE,CARD,CARD,2026-06-20,토,19:08,사회·경조,모임,친구 모임,M-04,66000,,CARD-DEMO-001,false,false,MERCHANT_MAP,PENDING,NONE,NORMAL,약속·모임
P-DEMO-001,김하늘,28,SSAFY 교육생,서울 관악구,월 300~350만원,USR-DEMO-001,TX-DEMO-0047,SEED,EXPENSE,CARD,CARD,2026-06-20,토,22:05,식비,저녁/외식,배달 음식,M-24,24800,,CARD-DEMO-001,false,false,MERCHANT_MAP,AUTO,NONE,NORMAL,주말 약속
P-DEMO-001,김하늘,28,SSAFY 교육생,서울 관악구,월 300~350만원,USR-DEMO-001,TX-DEMO-0048,SEED,EXPENSE,CARD,CARD,2026-06-21,일,09:49,식비,카페,프랜차이즈 카페,M-11,4900,,CARD-DEMO-001,false,false,USER,CONFIRMED,NONE,NORMAL,
P-DEMO-001,김하늘,28,SSAFY 교육생,서울 관악구,월 300~350만원,USR-DEMO-001,TX-DEMO-0049,SEED,EXPENSE,CARD,CARD,2026-06-22,월,08:12,교통,대중교통,서울교통공사,M-07,2500,,CARD-DEMO-001,false,false,MERCHANT_MAP,AUTO,NONE,NORMAL,통학·이동
P-DEMO-001,김하늘,28,SSAFY 교육생,서울 관악구,월 300~350만원,USR-DEMO-001,TX-DEMO-0050,SEED,EXPENSE,WITHDRAW,ACCOUNT,2026-06-22,월,08:40,주거·통신,공과금,전기·가스 요금,M-25,77000,ACC-DEMO-001,,true,true,MERCHANT_MAP,AUTO,NONE,NORMAL,사용량에 따라 변동
P-DEMO-001,김하늘,28,SSAFY 교육생,서울 관악구,월 300~350만원,USR-DEMO-001,TX-DEMO-0051,SEED,EXPENSE,CARD,CARD,2026-06-22,월,12:47,식비,점심,백반집,M-08,13500,,CARD-DEMO-001,false,false,MODEL,AUTO,NONE,NORMAL,평일 점심
P-DEMO-001,김하늘,28,SSAFY 교육생,서울 관악구,월 300~350만원,USR-DEMO-001,TX-DEMO-0052,SEED,EXPENSE,CARD,CARD,2026-06-23,화,09:19,교통,대중교통,서울교통공사,M-07,1700,,CARD-DEMO-001,false,false,MODEL,AUTO,NONE,NORMAL,통학·이동
P-DEMO-001,김하늘,28,SSAFY 교육생,서울 관악구,월 300~350만원,USR-DEMO-001,TX-DEMO-0053,SEED,EXPENSE,CARD,CARD,2026-06-23,화,12:49,식비,점심,분식집,M-14,8900,,CARD-DEMO-001,false,false,MERCHANT_MAP,AUTO,NONE,NORMAL,평일 점심
P-DEMO-001,김하늘,28,SSAFY 교육생,서울 관악구,월 300~350만원,USR-DEMO-001,TX-DEMO-0054,SEED,EXPENSE,CARD,CARD,2026-06-23,화,21:32,사회·경조,모임,스터디 회식,M-26,63000,,CARD-DEMO-001,false,false,MODEL,AUTO,NONE,NORMAL,약속·모임
P-DEMO-001,김하늘,28,SSAFY 교육생,서울 관악구,월 300~350만원,USR-DEMO-001,TX-DEMO-0055,SEED,EXPENSE,CARD,CARD,2026-06-24,수,08:18,교통,대중교통,서울교통공사,M-07,1850,,CARD-DEMO-001,false,false,MERCHANT_MAP,AUTO,NONE,NORMAL,통학·이동
P-DEMO-001,김하늘,28,SSAFY 교육생,서울 관악구,월 300~350만원,USR-DEMO-001,TX-DEMO-0056,SEED,EXPENSE,CARD,CARD,2026-06-24,수,08:32,식비,카페,프랜차이즈 카페,M-11,5500,,CARD-DEMO-001,false,false,MERCHANT_MAP,AUTO,NONE,NORMAL,
P-DEMO-001,김하늘,28,SSAFY 교육생,서울 관악구,월 300~350만원,USR-DEMO-001,TX-DEMO-0057,SEED,EXPENSE,CARD,CARD,2026-06-24,수,11:41,식비,점심,분식집,M-14,7900,,CARD-DEMO-001,false,false,MERCHANT_MAP,AUTO,NONE,NORMAL,평일 점심
P-DEMO-001,김하늘,28,SSAFY 교육생,서울 관악구,월 300~350만원,USR-DEMO-001,TX-DEMO-0058,SEED,EXPENSE,CARD,CARD,2026-06-24,수,12:38,여가·문화,여가 활동,전시·체험,M-27,24900,,CARD-DEMO-001,false,false,MERCHANT_MAP,AUTO,NONE,NORMAL,여가
P-DEMO-001,김하늘,28,SSAFY 교육생,서울 관악구,월 300~350만원,USR-DEMO-001,TX-DEMO-0059,SEED,EXPENSE,CARD,CARD,2026-06-24,수,21:48,교통,택시,서울 택시,M-03,17600,,CARD-DEMO-001,false,false,USER,CONFIRMED,NONE,NORMAL,
P-DEMO-001,김하늘,28,SSAFY 교육생,서울 관악구,월 300~350만원,USR-DEMO-001,TX-DEMO-0060,SEED,EXPENSE,CARD,CARD,2026-06-25,목,07:34,교통,대중교통,서울교통공사,M-07,2100,,CARD-DEMO-001,false,false,MERCHANT_MAP,AUTO,NONE,NORMAL,통학·이동
P-DEMO-001,김하늘,28,SSAFY 교육생,서울 관악구,월 300~350만원,USR-DEMO-001,TX-DEMO-0061,SEED,EXPENSE,CARD,CARD,2026-06-25,목,13:25,식비,점심,분식집,M-14,8000,,CARD-DEMO-001,false,false,USER,CONFIRMED,NONE,NORMAL,평일 점심
P-DEMO-001,김하늘,28,SSAFY 교육생,서울 관악구,월 300~350만원,USR-DEMO-001,TX-DEMO-0062,SEED,EXPENSE,CARD,CARD,2026-06-25,목,14:44,식비,카페,편의점 커피,M-01,2300,,CARD-DEMO-001,false,false,MODEL,AUTO,NONE,NORMAL,
P-DEMO-001,김하늘,28,SSAFY 교육생,서울 관악구,월 300~350만원,USR-DEMO-001,TX-DEMO-0063,SEED,EXPENSE,CARD,CARD,2026-06-26,금,09:08,교통,대중교통,서울교통공사,M-07,3450,,CARD-DEMO-001,false,false,MERCHANT_MAP,AUTO,NONE,NORMAL,통학·이동
P-DEMO-001,김하늘,28,SSAFY 교육생,서울 관악구,월 300~350만원,USR-DEMO-001,TX-DEMO-0064,SEED,EXPENSE,CARD,CARD,2026-06-26,금,12:03,식비,점심,샐러드 가게,M-21,9300,,CARD-DEMO-001,false,false,MERCHANT_MAP,AUTO,NONE,NORMAL,평일 점심
P-DEMO-001,김하늘,28,SSAFY 교육생,서울 관악구,월 300~350만원,USR-DEMO-001,TX-DEMO-0065,SEED,EXPENSE,CARD,CARD,2026-06-26,금,19:08,식비,저녁/외식,국수집,M-02,12700,,CARD-DEMO-001,false,false,MODEL,AUTO,NONE,NORMAL,저녁 식사
P-DEMO-001,김하늘,28,SSAFY 교육생,서울 관악구,월 300~350만원,USR-DEMO-001,TX-DEMO-0066,SEED,EXPENSE,CARD,CARD,2026-06-27,토,13:41,식비,카페,프랜차이즈 카페,M-11,5400,,CARD-DEMO-001,false,false,MODEL,AUTO,NONE,NORMAL,
P-DEMO-001,김하늘,28,SSAFY 교육생,서울 관악구,월 300~350만원,USR-DEMO-001,TX-DEMO-0067,SEED,EXPENSE,CARD,CARD,2026-06-27,토,21:06,교통,택시,서울 택시,M-03,10900,,CARD-DEMO-001,false,false,MODEL,AUTO,NONE,NORMAL,
P-DEMO-001,김하늘,28,SSAFY 교육생,서울 관악구,월 300~350만원,USR-DEMO-001,TX-DEMO-0068,SEED,EXPENSE,CARD,CARD,2026-06-28,일,14:33,식비,장보기,동네 마트,M-28,49000,,CARD-DEMO-001,false,false,MERCHANT_MAP,AUTO,NONE,NORMAL,월말 장보기
P-DEMO-001,김하늘,28,SSAFY 교육생,서울 관악구,월 300~350만원,USR-DEMO-001,TX-DEMO-0069,SEED,EXPENSE,CARD,CARD,2026-06-29,월,09:12,교통,대중교통,서울교통공사,M-07,3350,,CARD-DEMO-001,false,false,MERCHANT_MAP,AUTO,NONE,NORMAL,통학·이동
P-DEMO-001,김하늘,28,SSAFY 교육생,서울 관악구,월 300~350만원,USR-DEMO-001,TX-DEMO-0070,SEED,EXPENSE,CARD,CARD,2026-06-29,월,13:26,식비,점심,샐러드 가게,M-21,12900,,CARD-DEMO-001,false,false,MERCHANT_MAP,AUTO,NONE,NORMAL,평일 점심
P-DEMO-001,김하늘,28,SSAFY 교육생,서울 관악구,월 300~350만원,USR-DEMO-001,TX-DEMO-0071,SEED,EXPENSE,CARD,CARD,2026-06-30,화,08:33,교통,대중교통,서울교통공사,M-07,2850,,CARD-DEMO-001,false,false,USER,CONFIRMED,NONE,NORMAL,통학·이동
P-DEMO-001,김하늘,28,SSAFY 교육생,서울 관악구,월 300~350만원,USR-DEMO-001,TX-DEMO-0072,SEED,EXPENSE,CARD,CARD,2026-06-30,화,11:32,식비,카페,편의점 커피,M-01,2400,,CARD-DEMO-001,false,false,MODEL,AUTO,NONE,NORMAL,
P-DEMO-001,김하늘,28,SSAFY 교육생,서울 관악구,월 300~350만원,USR-DEMO-001,TX-DEMO-0073,SEED,EXPENSE,CARD,CARD,2026-06-30,화,12:30,식비,점심,구내식당,M-10,8900,,CARD-DEMO-001,false,false,MODEL,PENDING,NONE,NORMAL,평일 점심
P-DEMO-001,김하늘,28,SSAFY 교육생,서울 관악구,월 300~350만원,USR-DEMO-001,TX-DEMO-0074,SEED,EXPENSE,CARD,CARD,2026-06-30,화,15:27,교육,온라인 강의,온라인 강의 플랫폼,M-29,60000,,CARD-DEMO-001,false,false,MERCHANT_MAP,AUTO,NONE,NORMAL,학습 관련 지출
P-DEMO-001,김하늘,28,SSAFY 교육생,서울 관악구,월 300~350만원,USR-DEMO-001,TX-DEMO-0075,SEED,EXPENSE,CARD,CARD,2026-07-01,수,08:41,교통,대중교통,서울교통공사,M-07,3150,,CARD-DEMO-001,false,false,MODEL,PENDING,NONE,NORMAL,통학·이동
P-DEMO-001,김하늘,28,SSAFY 교육생,서울 관악구,월 300~350만원,USR-DEMO-001,TX-DEMO-0076,SEED,EXPENSE,CARD,CARD,2026-07-02,목,08:46,교통,대중교통,서울교통공사,M-07,2500,,CARD-DEMO-001,false,false,MERCHANT_MAP,AUTO,NONE,NORMAL,통학·이동
P-DEMO-001,김하늘,28,SSAFY 교육생,서울 관악구,월 300~350만원,USR-DEMO-001,TX-DEMO-0077,SEED,EXPENSE,CARD,CARD,2026-07-02,목,17:46,여가·문화,취미,보드게임 카페,M-30,21600,,CARD-DEMO-001,false,false,MODEL,AUTO,NONE,NORMAL,여가
P-DEMO-001,김하늘,28,SSAFY 교육생,서울 관악구,월 300~350만원,USR-DEMO-001,TX-DEMO-0078,SEED,EXPENSE,CARD,CARD,2026-07-03,금,08:26,교통,대중교통,서울교통공사,M-07,2450,,CARD-DEMO-001,false,false,MERCHANT_MAP,AUTO,NONE,NORMAL,통학·이동
P-DEMO-001,김하늘,28,SSAFY 교육생,서울 관악구,월 300~350만원,USR-DEMO-001,TX-DEMO-0079,SEED,EXPENSE,CARD,CARD,2026-07-03,금,10:46,식비,카페,동네 카페,M-12,4900,,CARD-DEMO-001,false,false,MERCHANT_MAP,AUTO,NONE,NORMAL,
P-DEMO-001,김하늘,28,SSAFY 교육생,서울 관악구,월 300~350만원,USR-DEMO-001,TX-DEMO-0080,SEED,EXPENSE,CARD,CARD,2026-07-03,금,13:05,식비,점심,분식집,M-14,7100,,CARD-DEMO-001,false,false,MERCHANT_MAP,AUTO,NONE,NORMAL,평일 점심
P-DEMO-001,김하늘,28,SSAFY 교육생,서울 관악구,월 300~350만원,USR-DEMO-001,TX-DEMO-0081,SEED,EXPENSE,CARD,CARD,2026-07-03,금,19:10,여가·문화,헬스장,동네 헬스장,M-31,55000,,CARD-DEMO-001,true,true,MERCHANT_MAP,AUTO,NONE,NORMAL,월 정기 결제
P-DEMO-001,김하늘,28,SSAFY 교육생,서울 관악구,월 300~350만원,USR-DEMO-001,TX-DEMO-0082,SEED,EXPENSE,CARD,CARD,2026-07-04,토,15:13,식비,카페,프랜차이즈 카페,M-11,4700,,CARD-DEMO-001,false,false,MODEL,AUTO,NONE,NORMAL,
P-DEMO-001,김하늘,28,SSAFY 교육생,서울 관악구,월 300~350만원,USR-DEMO-001,TX-DEMO-0083,SEED,EXPENSE,CARD,CARD,2026-07-04,토,22:41,교통,택시,카카오T,M-19,22600,,CARD-DEMO-001,false,false,MERCHANT_MAP,AUTO,NONE,NORMAL,
P-DEMO-001,김하늘,28,SSAFY 교육생,서울 관악구,월 300~350만원,USR-DEMO-001,TX-DEMO-0084,SEED,EXPENSE,CARD,CARD,2026-07-05,일,12:06,식비,카페,프랜차이즈 카페,M-11,4000,,CARD-DEMO-001,false,false,MODEL,AUTO,NONE,NORMAL,
P-DEMO-001,김하늘,28,SSAFY 교육생,서울 관악구,월 300~350만원,USR-DEMO-001,TX-DEMO-0085,SEED,EXPENSE,CARD,CARD,2026-07-05,일,19:50,식비,저녁/외식,닭갈비집,M-32,20400,,CARD-DEMO-001,false,false,MERCHANT_MAP,AUTO,NONE,NORMAL,저녁 식사
P-DEMO-001,김하늘,28,SSAFY 교육생,서울 관악구,월 300~350만원,USR-DEMO-001,TX-DEMO-0086,SEED,EXPENSE,CARD,CARD,2026-07-05,일,20:12,사회·경조,모임,스터디 회식,M-26,38000,,CARD-DEMO-001,false,false,MERCHANT_MAP,AUTO,NONE,NORMAL,약속·모임
P-DEMO-001,김하늘,28,SSAFY 교육생,서울 관악구,월 300~350만원,USR-DEMO-001,TX-DEMO-0087,SEED,EXPENSE,CARD,CARD,2026-07-06,월,08:35,교통,대중교통,서울교통공사,M-07,3150,,CARD-DEMO-001,false,false,MERCHANT_MAP,AUTO,NONE,NORMAL,통학·이동
P-DEMO-001,김하늘,28,SSAFY 교육생,서울 관악구,월 300~350만원,USR-DEMO-001,TX-DEMO-0088,SEED,EXPENSE,CARD,CARD,2026-07-06,월,11:58,식비,점심,백반집,M-08,11900,,CARD-DEMO-001,false,false,MODEL,AUTO,NONE,NORMAL,평일 점심
P-DEMO-001,김하늘,28,SSAFY 교육생,서울 관악구,월 300~350만원,USR-DEMO-001,TX-DEMO-0089,SEED,EXPENSE,CARD,CARD,2026-07-07,화,13:30,식비,점심,샐러드 가게,M-21,13800,,CARD-DEMO-001,false,false,MODEL,AUTO,NONE,NORMAL,평일 점심
P-DEMO-001,김하늘,28,SSAFY 교육생,서울 관악구,월 300~350만원,USR-DEMO-001,TX-DEMO-0090,SEED,EXPENSE,CARD,CARD,2026-07-07,화,16:03,식비,카페,편의점 커피,M-01,2400,,CARD-DEMO-001,false,false,MERCHANT_MAP,AUTO,NONE,NORMAL,
P-DEMO-001,김하늘,28,SSAFY 교육생,서울 관악구,월 300~350만원,USR-DEMO-001,TX-DEMO-0091,SEED,EXPENSE,CARD,CARD,2026-07-08,수,08:20,교통,대중교통,서울교통공사,M-07,1750,,CARD-DEMO-001,false,false,MERCHANT_MAP,AUTO,NONE,NORMAL,통학·이동
P-DEMO-001,김하늘,28,SSAFY 교육생,서울 관악구,월 300~350만원,USR-DEMO-001,TX-DEMO-0092,SEED,EXPENSE,WITHDRAW,ACCOUNT,2026-07-08,수,08:35,주거·통신,월세,원룸 월세,M-06,769700,ACC-DEMO-001,,true,true,MODEL,AUTO,NONE,NORMAL,월 정기 지출
P-DEMO-001,김하늘,28,SSAFY 교육생,서울 관악구,월 300~350만원,USR-DEMO-001,TX-DEMO-0093,SEED,EXPENSE,CARD,CARD,2026-07-09,목,07:33,교통,대중교통,서울교통공사,M-07,2150,,CARD-DEMO-001,false,false,MERCHANT_MAP,AUTO,NONE,NORMAL,통학·이동
P-DEMO-001,김하늘,28,SSAFY 교육생,서울 관악구,월 300~350만원,USR-DEMO-001,TX-DEMO-0094,SEED,EXPENSE,CARD,CARD,2026-07-09,목,12:40,식비,점심,백반집,M-08,9500,,CARD-DEMO-001,false,false,MERCHANT_MAP,AUTO,NONE,NORMAL,평일 점심
P-DEMO-001,김하늘,28,SSAFY 교육생,서울 관악구,월 300~350만원,USR-DEMO-001,TX-DEMO-0095,SEED,EXPENSE,CARD,CARD,2026-07-09,목,17:10,식비,장보기,온라인 장보기,M-33,53000,,CARD-DEMO-001,false,false,MERCHANT_MAP,AUTO,NONE,NORMAL,식재료 구매
P-DEMO-001,김하늘,28,SSAFY 교육생,서울 관악구,월 300~350만원,USR-DEMO-001,TX-DEMO-0096,SEED,EXPENSE,CARD,CARD,2026-07-10,금,09:00,교통,대중교통,서울교통공사,M-07,3000,,CARD-DEMO-001,false,false,MODEL,AUTO,NONE,NORMAL,통학·이동
P-DEMO-001,김하늘,28,SSAFY 교육생,서울 관악구,월 300~350만원,USR-DEMO-001,TX-DEMO-0097,SEED,EXPENSE,CARD,CARD,2026-07-10,금,18:07,식비,저녁/외식,닭갈비집,M-32,23600,,CARD-DEMO-001,false,false,MODEL,AUTO,NONE,NORMAL,저녁 식사
P-DEMO-001,김하늘,28,SSAFY 교육생,서울 관악구,월 300~350만원,USR-DEMO-001,TX-DEMO-0098,SEED,EXPENSE,CARD,CARD,2026-07-10,금,19:28,사회·경조,모임,급여일 저녁 약속,M-34,65000,,CARD-DEMO-001,false,false,USER,CONFIRMED,NONE,NORMAL,급여일 소비
P-DEMO-001,김하늘,28,SSAFY 교육생,서울 관악구,월 300~350만원,USR-DEMO-001,TX-DEMO-0099,SEED,EXPENSE,CARD,CARD,2026-07-11,토,14:03,식비,편의점,GS25,M-09,6500,,CARD-DEMO-001,false,false,MODEL,AUTO,NONE,NORMAL,
P-DEMO-001,김하늘,28,SSAFY 교육생,서울 관악구,월 300~350만원,USR-DEMO-001,TX-DEMO-0100,SEED,EXPENSE,CARD,CARD,2026-07-12,일,07:50,주거·통신,구독,음악 스트리밍,M-35,11200,,CARD-DEMO-001,true,true,MERCHANT_MAP,AUTO,NONE,NORMAL,자동 결제
P-DEMO-001,김하늘,28,SSAFY 교육생,서울 관악구,월 300~350만원,USR-DEMO-001,TX-DEMO-0101,SEED,EXPENSE,CARD,CARD,2026-07-12,일,20:05,교통,택시,서울 택시,M-03,20400,,CARD-DEMO-001,false,false,MODEL,AUTO,NONE,NORMAL,
P-DEMO-001,김하늘,28,SSAFY 교육생,서울 관악구,월 300~350만원,USR-DEMO-001,TX-DEMO-0102,SEED,EXPENSE,CARD,CARD,2026-07-13,월,08:03,교통,대중교통,서울교통공사,M-07,3400,,CARD-DEMO-001,false,false,MERCHANT_MAP,AUTO,NONE,NORMAL,통학·이동
P-DEMO-001,김하늘,28,SSAFY 교육생,서울 관악구,월 300~350만원,USR-DEMO-001,TX-DEMO-0103,SEED,EXPENSE,CARD,CARD,2026-07-13,월,11:46,식비,점심,분식집,M-14,6800,,CARD-DEMO-001,false,false,MERCHANT_MAP,PENDING,NONE,NORMAL,평일 점심
P-DEMO-001,김하늘,28,SSAFY 교육생,서울 관악구,월 300~350만원,USR-DEMO-001,TX-DEMO-0104,SEED,EXPENSE,CARD,CARD,2026-07-14,화,09:23,교통,대중교통,서울교통공사,M-07,2500,,CARD-DEMO-001,false,false,MODEL,AUTO,NONE,NORMAL,통학·이동
P-DEMO-001,김하늘,28,SSAFY 교육생,서울 관악구,월 300~350만원,USR-DEMO-001,TX-DEMO-0105,SEED,EXPENSE,CARD,CARD,2026-07-14,화,11:57,식비,점심,샐러드 가게,M-21,13500,,CARD-DEMO-001,false,false,MODEL,AUTO,NONE,NORMAL,평일 점심
P-DEMO-001,김하늘,28,SSAFY 교육생,서울 관악구,월 300~350만원,USR-DEMO-001,TX-DEMO-0106,SEED,EXPENSE,CARD,CARD,2026-07-14,화,18:15,쇼핑,생활용품,네이버쇼핑,M-36,96000,,CARD-DEMO-001,false,false,USER,CONFIRMED,NONE,NORMAL,비정기 구매
P-DEMO-001,김하늘,28,SSAFY 교육생,서울 관악구,월 300~350만원,USR-DEMO-001,TX-DEMO-0107,SEED,EXPENSE,CARD,CARD,2026-07-14,화,20:17,식비,저녁/외식,닭갈비집,M-32,14100,,CARD-DEMO-001,false,false,MERCHANT_MAP,AUTO,NONE,NORMAL,저녁 식사
P-DEMO-001,김하늘,28,SSAFY 교육생,서울 관악구,월 300~350만원,USR-DEMO-001,TX-DEMO-0108,SEED,EXPENSE,CARD,CARD,2026-07-14,화,22:20,교통,택시,카카오T,M-19,24300,,CARD-DEMO-001,false,false,MERCHANT_MAP,AUTO,NONE,NORMAL,
P-DEMO-001,김하늘,28,SSAFY 교육생,서울 관악구,월 300~350만원,USR-DEMO-001,TX-DEMO-0109,SEED,EXPENSE,WITHDRAW,ACCOUNT,2026-07-15,수,09:05,주거·통신,통신,휴대폰 요금,M-20,70200,ACC-DEMO-001,,true,true,MODEL,PENDING,NONE,NORMAL,월 정기 지출
P-DEMO-001,김하늘,28,SSAFY 교육생,서울 관악구,월 300~350만원,USR-DEMO-001,TX-DEMO-0110,SEED,EXPENSE,CARD,CARD,2026-07-15,수,11:57,식비,점심,백반집,M-08,11400,,CARD-DEMO-001,false,false,MERCHANT_MAP,AUTO,NONE,NORMAL,평일 점심
P-DEMO-001,김하늘,28,SSAFY 교육생,서울 관악구,월 300~350만원,USR-DEMO-001,TX-DEMO-0111,SEED,EXPENSE,CARD,CARD,2026-07-15,수,13:23,식비,장보기,온라인 장보기,M-33,37000,,CARD-DEMO-001,false,false,MERCHANT_MAP,AUTO,NONE,NORMAL,식재료 구매
P-DEMO-001,김하늘,28,SSAFY 교육생,서울 관악구,월 300~350만원,USR-DEMO-001,TX-DEMO-0112,SEED,EXPENSE,CARD,CARD,2026-07-15,수,20:21,식비,저녁/외식,배달 음식,M-24,31600,,CARD-DEMO-001,false,false,MERCHANT_MAP,PENDING,NONE,NORMAL,저녁 식사
P-DEMO-001,김하늘,28,SSAFY 교육생,서울 관악구,월 300~350만원,USR-DEMO-001,TX-DEMO-0113,SEED,EXPENSE,CARD,CARD,2026-07-15,수,22:16,교통,택시,서울 택시,M-03,10100,,CARD-DEMO-001,false,false,MERCHANT_MAP,AUTO,NONE,NORMAL,
P-DEMO-001,김하늘,28,SSAFY 교육생,서울 관악구,월 300~350만원,USR-DEMO-001,TX-DEMO-0114,SEED,EXPENSE,CARD,CARD,2026-07-16,목,18:11,식비,편의점,세븐일레븐,M-37,3400,,CARD-DEMO-001,false,false,MERCHANT_MAP,AUTO,NONE,NORMAL,
P-DEMO-001,김하늘,28,SSAFY 교육생,서울 관악구,월 300~350만원,USR-DEMO-001,TX-DEMO-0115,SEED,EXPENSE,CARD,CARD,2026-07-17,금,08:13,교통,대중교통,서울교통공사,M-07,2550,,CARD-DEMO-001,false,false,USER,CONFIRMED,NONE,NORMAL,통학·이동
P-DEMO-001,김하늘,28,SSAFY 교육생,서울 관악구,월 300~350만원,USR-DEMO-001,TX-DEMO-0116,SEED,EXPENSE,CARD,CARD,2026-07-17,금,12:06,식비,점심,백반집,M-08,9600,,CARD-DEMO-001,false,false,MERCHANT_MAP,AUTO,NONE,NORMAL,평일 점심
P-DEMO-001,김하늘,28,SSAFY 교육생,서울 관악구,월 300~350만원,USR-DEMO-001,TX-DEMO-0117,SEED,EXPENSE,CARD,CARD,2026-07-17,금,16:21,식비,카페,동네 카페,M-12,4100,,CARD-DEMO-001,false,false,MODEL,AUTO,NONE,NORMAL,
P-DEMO-001,김하늘,28,SSAFY 교육생,서울 관악구,월 300~350만원,USR-DEMO-001,TX-DEMO-0118,SEED,EXPENSE,CARD,CARD,2026-07-18,토,15:43,식비,카페,동네 카페,M-12,7300,,CARD-DEMO-001,false,false,MODEL,AUTO,NONE,NORMAL,
P-DEMO-001,김하늘,28,SSAFY 교육생,서울 관악구,월 300~350만원,USR-DEMO-001,TX-DEMO-0119,SEED,EXPENSE,CARD,CARD,2026-07-19,일,10:23,식비,카페,편의점 커피,M-01,2200,,CARD-DEMO-001,false,false,MERCHANT_MAP,AUTO,NONE,NORMAL,
P-DEMO-001,김하늘,28,SSAFY 교육생,서울 관악구,월 300~350만원,USR-DEMO-001,TX-DEMO-0120,SEED,EXPENSE,CARD,CARD,2026-07-20,월,07:46,교통,대중교통,서울교통공사,M-07,2250,,CARD-DEMO-001,false,false,MODEL,AUTO,NONE,NORMAL,재택·절약일
P-DEMO-001,김하늘,28,SSAFY 교육생,서울 관악구,월 300~350만원,USR-DEMO-001,TX-DEMO-0121,SEED,EXPENSE,WITHDRAW,ACCOUNT,2026-07-20,월,08:20,주거·통신,인터넷,인터넷 요금,M-23,35400,ACC-DEMO-001,,true,true,MERCHANT_MAP,AUTO,NONE,NORMAL,월 정기 지출
P-DEMO-001,김하늘,28,SSAFY 교육생,서울 관악구,월 300~350만원,USR-DEMO-001,TX-DEMO-0122,SEED,EXPENSE,CARD,CARD,2026-07-20,월,13:34,식비,카페,동네 카페,M-12,5500,,CARD-DEMO-001,false,false,MERCHANT_MAP,AUTO,NONE,NORMAL,
P-DEMO-001,김하늘,28,SSAFY 교육생,서울 관악구,월 300~350만원,USR-DEMO-001,TX-DEMO-0123,SEED,EXPENSE,CARD,CARD,2026-07-20,월,16:58,식비,장보기,온라인 장보기,M-33,55000,,CARD-DEMO-001,false,false,MERCHANT_MAP,AUTO,NONE,NORMAL,식재료 구매
P-DEMO-001,김하늘,28,SSAFY 교육생,서울 관악구,월 300~350만원,USR-DEMO-001,TX-DEMO-0124,SEED,EXPENSE,CARD,CARD,2026-07-21,화,08:46,교통,대중교통,서울교통공사,M-07,2300,,CARD-DEMO-001,false,false,MERCHANT_MAP,AUTO,NONE,NORMAL,통학·이동
P-DEMO-001,김하늘,28,SSAFY 교육생,서울 관악구,월 300~350만원,USR-DEMO-001,TX-DEMO-0125,SEED,EXPENSE,WITHDRAW,ACCOUNT,2026-07-22,수,08:40,주거·통신,공과금,전기·가스 요금,M-25,109000,ACC-DEMO-001,,true,true,MERCHANT_MAP,AUTO,NONE,NORMAL,사용량에 따라 변동
P-DEMO-001,김하늘,28,SSAFY 교육생,서울 관악구,월 300~350만원,USR-DEMO-001,TX-DEMO-0126,SEED,EXPENSE,CARD,CARD,2026-07-22,수,08:53,교통,대중교통,서울교통공사,M-07,2700,,CARD-DEMO-001,false,false,MERCHANT_MAP,AUTO,NONE,NORMAL,재택·절약일
P-DEMO-001,김하늘,28,SSAFY 교육생,서울 관악구,월 300~350만원,USR-DEMO-001,TX-DEMO-0127,SEED,EXPENSE,CARD,CARD,2026-07-22,수,11:40,식비,점심,백반집,M-08,11000,,CARD-DEMO-001,false,false,MERCHANT_MAP,AUTO,NONE,NORMAL,평일 점심
P-DEMO-001,김하늘,28,SSAFY 교육생,서울 관악구,월 300~350만원,USR-DEMO-001,TX-DEMO-0128,SEED,EXPENSE,CARD,CARD,2026-07-23,목,08:20,교통,대중교통,서울교통공사,M-07,2550,,CARD-DEMO-001,false,false,MERCHANT_MAP,AUTO,NONE,NORMAL,통학·이동
P-DEMO-001,김하늘,28,SSAFY 교육생,서울 관악구,월 300~350만원,USR-DEMO-001,TX-DEMO-0129,SEED,EXPENSE,CARD,CARD,2026-07-23,목,13:23,식비,점심,분식집,M-14,8100,,CARD-DEMO-001,false,false,MERCHANT_MAP,AUTO,NONE,NORMAL,평일 점심
P-DEMO-001,김하늘,28,SSAFY 교육생,서울 관악구,월 300~350만원,USR-DEMO-001,TX-DEMO-0130,SEED,EXPENSE,CARD,CARD,2026-07-23,목,15:39,식비,카페,프랜차이즈 카페,M-11,6400,,CARD-DEMO-001,false,false,MERCHANT_MAP,AUTO,NONE,NORMAL,
P-DEMO-001,김하늘,28,SSAFY 교육생,서울 관악구,월 300~350만원,USR-DEMO-001,TX-DEMO-0131,SEED,EXPENSE,CARD,CARD,2026-07-23,목,18:54,사회·경조,모임,친구 모임,M-04,42000,,CARD-DEMO-001,false,false,MERCHANT_MAP,AUTO,NONE,NORMAL,약속·모임
P-DEMO-001,김하늘,28,SSAFY 교육생,서울 관악구,월 300~350만원,USR-DEMO-001,TX-DEMO-0132,SEED,EXPENSE,CARD,CARD,2026-07-23,목,20:17,교육,도서,전자책 서비스,M-38,87000,,CARD-DEMO-001,false,false,MERCHANT_MAP,AUTO,NONE,NORMAL,학습 관련 지출
P-DEMO-001,김하늘,28,SSAFY 교육생,서울 관악구,월 300~350만원,USR-DEMO-001,TX-DEMO-0133,SEED,EXPENSE,CARD,CARD,2026-07-23,목,21:14,식비,저녁/외식,배달 음식,M-24,17300,,CARD-DEMO-001,false,false,MERCHANT_MAP,AUTO,NONE,NORMAL,저녁 식사
P-DEMO-001,김하늘,28,SSAFY 교육생,서울 관악구,월 300~350만원,USR-DEMO-001,TX-DEMO-0134,SEED,EXPENSE,CARD,CARD,2026-07-24,금,08:05,교통,대중교통,서울교통공사,M-07,3200,,CARD-DEMO-001,false,false,MERCHANT_MAP,PENDING,NONE,NORMAL,통학·이동
P-DEMO-001,김하늘,28,SSAFY 교육생,서울 관악구,월 300~350만원,USR-DEMO-001,TX-DEMO-0135,SEED,EXPENSE,CARD,CARD,2026-07-24,금,11:56,식비,점심,백반집,M-08,12300,,CARD-DEMO-001,false,false,MERCHANT_MAP,AUTO,NONE,NORMAL,평일 점심
P-DEMO-001,김하늘,28,SSAFY 교육생,서울 관악구,월 300~350만원,USR-DEMO-001,TX-DEMO-0136,SEED,EXPENSE,CARD,CARD,2026-07-24,금,13:30,식비,카페,편의점 커피,M-01,2700,,CARD-DEMO-001,false,false,MODEL,AUTO,NONE,NORMAL,
P-DEMO-001,김하늘,28,SSAFY 교육생,서울 관악구,월 300~350만원,USR-DEMO-001,TX-DEMO-0137,SEED,EXPENSE,CARD,CARD,2026-07-24,금,20:35,사회·경조,모임,동료 모임,M-17,30000,,CARD-DEMO-001,false,false,MERCHANT_MAP,AUTO,NONE,NORMAL,약속·모임
P-DEMO-001,김하늘,28,SSAFY 교육생,서울 관악구,월 300~350만원,USR-DEMO-001,TX-DEMO-0138,SEED,EXPENSE,CARD,CARD,2026-07-25,토,18:22,사회·경조,모임,급여일 저녁 약속,M-34,45000,,CARD-DEMO-001,false,false,MERCHANT_MAP,AUTO,NONE,NORMAL,급여일 소비
P-DEMO-001,김하늘,28,SSAFY 교육생,서울 관악구,월 300~350만원,USR-DEMO-001,TX-DEMO-0139,SEED,EXPENSE,CARD,CARD,2026-07-26,일,14:52,식비,카페,동네 카페,M-12,4700,,CARD-DEMO-001,false,false,MERCHANT_MAP,AUTO,NONE,NORMAL,
P-DEMO-001,김하늘,28,SSAFY 교육생,서울 관악구,월 300~350만원,USR-DEMO-001,TX-DEMO-0140,SEED,EXPENSE,CARD,CARD,2026-07-26,일,16:58,식비,장보기,동네 마트,M-28,39000,,CARD-DEMO-001,false,false,MODEL,AUTO,NONE,NORMAL,식재료 구매
P-DEMO-001,김하늘,28,SSAFY 교육생,서울 관악구,월 300~350만원,USR-DEMO-001,TX-DEMO-0141,SEED,EXPENSE,CARD,CARD,2026-07-27,월,09:29,교통,대중교통,서울교통공사,M-07,2550,,CARD-DEMO-001,false,false,MODEL,AUTO,NONE,NORMAL,통학·이동
P-DEMO-001,김하늘,28,SSAFY 교육생,서울 관악구,월 300~350만원,USR-DEMO-001,TX-DEMO-0142,SEED,EXPENSE,CARD,CARD,2026-07-27,월,12:16,식비,점심,샐러드 가게,M-21,10300,,CARD-DEMO-001,false,false,MODEL,AUTO,NONE,NORMAL,평일 점심
P-DEMO-001,김하늘,28,SSAFY 교육생,서울 관악구,월 300~350만원,USR-DEMO-001,TX-DEMO-0143,SEED,EXPENSE,CARD,CARD,2026-07-27,월,13:04,식비,카페,동네 카페,M-12,4700,,CARD-DEMO-001,false,false,MERCHANT_MAP,AUTO,NONE,NORMAL,
P-DEMO-001,김하늘,28,SSAFY 교육생,서울 관악구,월 300~350만원,USR-DEMO-001,TX-DEMO-0144,SEED,EXPENSE,CARD,CARD,2026-07-28,화,09:01,교통,대중교통,서울교통공사,M-07,2200,,CARD-DEMO-001,false,false,MODEL,AUTO,NONE,NORMAL,통학·이동
P-DEMO-001,김하늘,28,SSAFY 교육생,서울 관악구,월 300~350만원,USR-DEMO-001,TX-DEMO-0145,SEED,EXPENSE,CARD,CARD,2026-07-28,화,12:48,식비,점심,샐러드 가게,M-21,11300,,CARD-DEMO-001,false,false,MERCHANT_MAP,AUTO,NONE,NORMAL,평일 점심
P-DEMO-001,김하늘,28,SSAFY 교육생,서울 관악구,월 300~350만원,USR-DEMO-001,TX-DEMO-0146,SEED,EXPENSE,CARD,CARD,2026-07-29,수,08:53,교통,대중교통,서울교통공사,M-07,2000,,CARD-DEMO-001,false,false,MERCHANT_MAP,AUTO,NONE,NORMAL,통학·이동
P-DEMO-001,김하늘,28,SSAFY 교육생,서울 관악구,월 300~350만원,USR-DEMO-001,TX-DEMO-0147,SEED,EXPENSE,CARD,CARD,2026-07-29,수,12:33,식비,점심,분식집,M-14,7400,,CARD-DEMO-001,false,false,MERCHANT_MAP,AUTO,NONE,NORMAL,평일 점심
P-DEMO-001,김하늘,28,SSAFY 교육생,서울 관악구,월 300~350만원,USR-DEMO-001,TX-DEMO-0148,SEED,EXPENSE,CARD,CARD,2026-07-29,수,20:53,사회·경조,모임,스터디 회식,M-26,78000,,CARD-DEMO-001,false,false,MERCHANT_MAP,AUTO,NONE,NORMAL,약속·모임
P-DEMO-001,김하늘,28,SSAFY 교육생,서울 관악구,월 300~350만원,USR-DEMO-001,TX-DEMO-0149,SEED,EXPENSE,CARD,CARD,2026-07-30,목,08:18,교통,대중교통,서울교통공사,M-07,1500,,CARD-DEMO-001,false,false,MERCHANT_MAP,AUTO,NONE,NORMAL,통학·이동
P-DEMO-001,김하늘,28,SSAFY 교육생,서울 관악구,월 300~350만원,USR-DEMO-001,TX-DEMO-0150,SEED,EXPENSE,CARD,CARD,2026-07-30,목,17:33,식비,편의점,GS25,M-09,10800,,CARD-DEMO-001,false,false,MERCHANT_MAP,AUTO,NONE,NORMAL,
P-DEMO-001,김하늘,28,SSAFY 교육생,서울 관악구,월 300~350만원,USR-DEMO-001,TX-DEMO-0151,SEED,EXPENSE,CARD,CARD,2026-07-31,금,08:39,교통,대중교통,서울교통공사,M-07,2450,,CARD-DEMO-001,false,false,MERCHANT_MAP,AUTO,NONE,NORMAL,통학·이동
P-DEMO-001,김하늘,28,SSAFY 교육생,서울 관악구,월 300~350만원,USR-DEMO-001,TX-DEMO-0152,SEED,EXPENSE,CARD,CARD,2026-07-31,금,13:41,식비,점심,분식집,M-14,7400,,CARD-DEMO-001,false,false,USER,CONFIRMED,NONE,NORMAL,평일 점심
P-DEMO-001,김하늘,28,SSAFY 교육생,서울 관악구,월 300~350만원,USR-DEMO-001,TX-DEMO-0153,SEED,EXPENSE,CARD,CARD,2026-07-31,금,14:40,쇼핑,의류,다이소,M-39,64000,,CARD-DEMO-001,false,false,MERCHANT_MAP,AUTO,NONE,NORMAL,비정기 구매
P-DEMO-001,김하늘,28,SSAFY 교육생,서울 관악구,월 300~350만원,USR-DEMO-001,TX-DEMO-0154,SEED,EXPENSE,CARD,CARD,2026-08-01,토,10:12,식비,카페,프랜차이즈 카페,M-11,4900,,CARD-DEMO-001,false,false,MERCHANT_MAP,AUTO,NONE,NORMAL,
P-DEMO-001,김하늘,28,SSAFY 교육생,서울 관악구,월 300~350만원,USR-DEMO-001,TX-DEMO-0155,SEED,EXPENSE,CARD,CARD,2026-08-01,토,21:41,식비,저녁/외식,배달 음식,M-24,26800,,CARD-DEMO-001,false,false,MERCHANT_MAP,AUTO,NONE,NORMAL,주말 약속
P-DEMO-001,김하늘,28,SSAFY 교육생,서울 관악구,월 300~350만원,USR-DEMO-001,TX-DEMO-0156,SEED,EXPENSE,CARD,CARD,2026-08-02,일,14:08,식비,카페,동네 카페,M-12,4600,,CARD-DEMO-001,false,false,MODEL,AUTO,NONE,NORMAL,
P-DEMO-001,김하늘,28,SSAFY 교육생,서울 관악구,월 300~350만원,USR-DEMO-001,TX-DEMO-0157,SEED,EXPENSE,CARD,CARD,2026-08-03,월,07:44,교통,대중교통,서울교통공사,M-07,1900,,CARD-DEMO-001,false,false,MERCHANT_MAP,AUTO,NONE,NORMAL,통학·이동
P-DEMO-001,김하늘,28,SSAFY 교육생,서울 관악구,월 300~350만원,USR-DEMO-001,TX-DEMO-0158,SEED,EXPENSE,CARD,CARD,2026-08-03,월,17:50,건강,병원,치과,M-40,37000,,CARD-DEMO-001,false,false,MODEL,AUTO,NONE,NORMAL,건강 관련 지출
P-DEMO-001,김하늘,28,SSAFY 교육생,서울 관악구,월 300~350만원,USR-DEMO-001,TX-DEMO-0159,SEED,EXPENSE,CARD,CARD,2026-08-03,월,19:10,여가·문화,헬스장,동네 헬스장,M-31,55000,,CARD-DEMO-001,true,true,MERCHANT_MAP,PENDING,NONE,NORMAL,월 정기 결제
P-DEMO-001,김하늘,28,SSAFY 교육생,서울 관악구,월 300~350만원,USR-DEMO-001,TX-DEMO-0160,SEED,EXPENSE,CARD,CARD,2026-08-05,수,09:16,교통,대중교통,서울교통공사,M-07,2750,,CARD-DEMO-001,false,false,MODEL,AUTO,NONE,NORMAL,통학·이동
P-DEMO-001,김하늘,28,SSAFY 교육생,서울 관악구,월 300~350만원,USR-DEMO-001,TX-DEMO-0161,SEED,EXPENSE,CARD,CARD,2026-08-05,수,11:32,식비,점심,백반집,M-08,10600,,CARD-DEMO-001,false,false,MODEL,AUTO,NONE,NORMAL,평일 점심
P-DEMO-001,김하늘,28,SSAFY 교육생,서울 관악구,월 300~350만원,USR-DEMO-001,TX-DEMO-0162,SEED,EXPENSE,CARD,CARD,2026-08-06,목,07:36,교통,대중교통,서울교통공사,M-07,1550,,CARD-DEMO-001,false,false,MODEL,AUTO,NONE,NORMAL,통학·이동
P-DEMO-001,김하늘,28,SSAFY 교육생,서울 관악구,월 300~350만원,USR-DEMO-001,TX-DEMO-0163,SEED,EXPENSE,CARD,CARD,2026-08-06,목,12:15,식비,점심,구내식당,M-10,7600,,CARD-DEMO-001,false,false,MERCHANT_MAP,AUTO,NONE,NORMAL,평일 점심
P-DEMO-001,김하늘,28,SSAFY 교육생,서울 관악구,월 300~350만원,USR-DEMO-001,TX-DEMO-0164,SEED,EXPENSE,CARD,CARD,2026-08-07,금,12:36,식비,점심,샐러드 가게,M-21,11600,,CARD-DEMO-001,false,false,MERCHANT_MAP,AUTO,NONE,NORMAL,평일 점심
P-DEMO-001,김하늘,28,SSAFY 교육생,서울 관악구,월 300~350만원,USR-DEMO-001,TX-DEMO-0165,SEED,EXPENSE,CARD,CARD,2026-08-07,금,21:50,식비,편의점,CU,M-41,10100,,CARD-DEMO-001,false,false,MODEL,AUTO,NONE,NORMAL,
P-DEMO-001,김하늘,28,SSAFY 교육생,서울 관악구,월 300~350만원,USR-DEMO-001,TX-DEMO-0166,SEED,EXPENSE,WITHDRAW,ACCOUNT,2026-08-08,토,08:35,주거·통신,월세,원룸 월세,M-06,785400,ACC-DEMO-001,,true,true,MERCHANT_MAP,AUTO,NONE,NORMAL,월 정기 지출
P-DEMO-001,김하늘,28,SSAFY 교육생,서울 관악구,월 300~350만원,USR-DEMO-001,TX-DEMO-0167,SEED,EXPENSE,CARD,CARD,2026-08-08,토,20:04,사회·경조,모임,동료 모임,M-17,73000,,CARD-DEMO-001,false,false,MODEL,AUTO,NONE,NORMAL,약속·모임
P-DEMO-001,김하늘,28,SSAFY 교육생,서울 관악구,월 300~350만원,USR-DEMO-001,TX-DEMO-0168,SEED,EXPENSE,CARD,CARD,2026-08-10,월,09:04,교통,대중교통,서울교통공사,M-07,2200,,CARD-DEMO-001,false,false,MERCHANT_MAP,AUTO,NONE,NORMAL,통학·이동
P-DEMO-001,김하늘,28,SSAFY 교육생,서울 관악구,월 300~350만원,USR-DEMO-001,TX-DEMO-0169,SEED,EXPENSE,CARD,CARD,2026-08-10,월,13:23,식비,점심,분식집,M-14,6600,,CARD-DEMO-001,false,false,MERCHANT_MAP,AUTO,NONE,NORMAL,평일 점심
P-DEMO-001,김하늘,28,SSAFY 교육생,서울 관악구,월 300~350만원,USR-DEMO-001,TX-DEMO-0170,SEED,EXPENSE,CARD,CARD,2026-08-10,월,16:18,식비,카페,편의점 커피,M-01,1700,,CARD-DEMO-001,false,false,MERCHANT_MAP,AUTO,NONE,NORMAL,
P-DEMO-001,김하늘,28,SSAFY 교육생,서울 관악구,월 300~350만원,USR-DEMO-001,TX-DEMO-0171,SEED,EXPENSE,CARD,CARD,2026-08-10,월,20:17,사회·경조,모임,급여일 저녁 약속,M-34,71000,,CARD-DEMO-001,false,false,USER,CONFIRMED,NONE,NORMAL,급여일 소비
P-DEMO-001,김하늘,28,SSAFY 교육생,서울 관악구,월 300~350만원,USR-DEMO-001,TX-DEMO-0172,SEED,EXPENSE,CARD,CARD,2026-08-11,화,07:30,교통,대중교통,서울교통공사,M-07,1700,,CARD-DEMO-001,false,false,MODEL,AUTO,NONE,NORMAL,통학·이동
P-DEMO-001,김하늘,28,SSAFY 교육생,서울 관악구,월 300~350만원,USR-DEMO-001,TX-DEMO-0173,SEED,EXPENSE,CARD,CARD,2026-08-11,화,13:34,식비,점심,백반집,M-08,9800,,CARD-DEMO-001,false,false,MERCHANT_MAP,AUTO,NONE,NORMAL,평일 점심
P-DEMO-001,김하늘,28,SSAFY 교육생,서울 관악구,월 300~350만원,USR-DEMO-001,TX-DEMO-0174,SEED,EXPENSE,CARD,CARD,2026-08-11,화,15:15,식비,카페,동네 카페,M-12,3500,,CARD-DEMO-001,false,false,MERCHANT_MAP,AUTO,NONE,NORMAL,
P-DEMO-001,김하늘,28,SSAFY 교육생,서울 관악구,월 300~350만원,USR-DEMO-001,TX-DEMO-0175,SEED,EXPENSE,CARD,CARD,2026-08-12,수,07:50,주거·통신,구독,동영상 스트리밍,M-15,14400,,CARD-DEMO-001,true,true,MERCHANT_MAP,PENDING,NONE,NORMAL,자동 결제
P-DEMO-001,김하늘,28,SSAFY 교육생,서울 관악구,월 300~350만원,USR-DEMO-001,TX-DEMO-0176,SEED,EXPENSE,CARD,CARD,2026-08-12,수,08:33,식비,카페,프랜차이즈 카페,M-11,5400,,CARD-DEMO-001,false,false,MERCHANT_MAP,AUTO,NONE,NORMAL,
P-DEMO-001,김하늘,28,SSAFY 교육생,서울 관악구,월 300~350만원,USR-DEMO-001,TX-DEMO-0177,SEED,EXPENSE,CARD,CARD,2026-08-12,수,08:44,교통,대중교통,서울교통공사,M-07,2850,,CARD-DEMO-001,false,false,MODEL,AUTO,NONE,NORMAL,통학·이동
P-DEMO-001,김하늘,28,SSAFY 교육생,서울 관악구,월 300~350만원,USR-DEMO-001,TX-DEMO-0178,SEED,EXPENSE,CARD,CARD,2026-08-12,수,12:41,식비,점심,구내식당,M-10,8100,,CARD-DEMO-001,false,false,MODEL,AUTO,NONE,NORMAL,평일 점심
P-DEMO-001,김하늘,28,SSAFY 교육생,서울 관악구,월 300~350만원,USR-DEMO-001,TX-DEMO-0179,SEED,EXPENSE,CARD,CARD,2026-08-13,목,08:34,식비,카페,동네 카페,M-12,3800,,CARD-DEMO-001,false,false,MERCHANT_MAP,AUTO,NONE,NORMAL,
P-DEMO-001,김하늘,28,SSAFY 교육생,서울 관악구,월 300~350만원,USR-DEMO-001,TX-DEMO-0180,SEED,EXPENSE,CARD,CARD,2026-08-13,목,10:11,식비,편의점,GS25,M-09,2500,,CARD-DEMO-001,false,false,MERCHANT_MAP,AUTO,NONE,NORMAL,
P-DEMO-001,김하늘,28,SSAFY 교육생,서울 관악구,월 300~350만원,USR-DEMO-001,TX-DEMO-0181,SEED,EXPENSE,CARD,CARD,2026-08-14,금,07:38,교통,대중교통,서울교통공사,M-07,3350,,CARD-DEMO-001,false,false,MERCHANT_MAP,AUTO,NONE,NORMAL,재택·절약일
P-DEMO-001,김하늘,28,SSAFY 교육생,서울 관악구,월 300~350만원,USR-DEMO-001,TX-DEMO-0182,SEED,EXPENSE,CARD,CARD,2026-08-14,금,12:19,식비,점심,백반집,M-08,9800,,CARD-DEMO-001,false,false,MODEL,AUTO,NONE,NORMAL,평일 점심
P-DEMO-001,김하늘,28,SSAFY 교육생,서울 관악구,월 300~350만원,USR-DEMO-001,TX-DEMO-0183,SEED,EXPENSE,WITHDRAW,ACCOUNT,2026-08-15,토,09:05,주거·통신,통신,휴대폰 요금,M-20,69700,ACC-DEMO-001,,true,true,MERCHANT_MAP,AUTO,NONE,NORMAL,월 정기 지출
P-DEMO-001,김하늘,28,SSAFY 교육생,서울 관악구,월 300~350만원,USR-DEMO-001,TX-DEMO-0184,SEED,EXPENSE,CARD,CARD,2026-08-15,토,11:31,식비,카페,동네 카페,M-12,4500,,CARD-DEMO-001,false,false,MODEL,AUTO,NONE,NORMAL,
P-DEMO-001,김하늘,28,SSAFY 교육생,서울 관악구,월 300~350만원,USR-DEMO-001,TX-DEMO-0185,SEED,EXPENSE,CARD,CARD,2026-08-16,일,21:03,여가·문화,여가 활동,전시·체험,M-27,46700,,CARD-DEMO-001,false,false,MODEL,AUTO,NONE,NORMAL,주말 일정
P-DEMO-001,김하늘,28,SSAFY 교육생,서울 관악구,월 300~350만원,USR-DEMO-001,TX-DEMO-0186,SEED,EXPENSE,CARD,CARD,2026-08-16,일,21:13,사회·경조,모임,친구 모임,M-04,80000,,CARD-DEMO-001,false,false,MERCHANT_MAP,AUTO,NONE,NORMAL,약속·모임
P-DEMO-001,김하늘,28,SSAFY 교육생,서울 관악구,월 300~350만원,USR-DEMO-001,TX-DEMO-0187,SEED,EXPENSE,CARD,CARD,2026-08-17,월,07:56,교통,대중교통,서울교통공사,M-07,3200,,CARD-DEMO-001,false,false,MODEL,AUTO,NONE,NORMAL,통학·이동
P-DEMO-001,김하늘,28,SSAFY 교육생,서울 관악구,월 300~350만원,USR-DEMO-001,TX-DEMO-0188,SEED,EXPENSE,CARD,CARD,2026-08-17,월,11:02,식비,카페,편의점 커피,M-01,2100,,CARD-DEMO-001,false,false,MERCHANT_MAP,AUTO,NONE,NORMAL,
P-DEMO-001,김하늘,28,SSAFY 교육생,서울 관악구,월 300~350만원,USR-DEMO-001,TX-DEMO-0189,SEED,EXPENSE,CARD,CARD,2026-08-17,월,11:45,식비,점심,백반집,M-08,10600,,CARD-DEMO-001,false,false,MERCHANT_MAP,PENDING,NONE,NORMAL,평일 점심
P-DEMO-001,김하늘,28,SSAFY 교육생,서울 관악구,월 300~350만원,USR-DEMO-001,TX-DEMO-0190,SEED,EXPENSE,CARD,CARD,2026-08-18,화,07:58,교통,대중교통,서울교통공사,M-07,1650,,CARD-DEMO-001,false,false,MERCHANT_MAP,AUTO,NONE,NORMAL,통학·이동
P-DEMO-001,김하늘,28,SSAFY 교육생,서울 관악구,월 300~350만원,USR-DEMO-001,TX-DEMO-0191,SEED,EXPENSE,CARD,CARD,2026-08-18,화,20:04,식비,저녁/외식,배달 음식,M-24,31300,,CARD-DEMO-001,false,false,MODEL,AUTO,NONE,NORMAL,저녁 식사
P-DEMO-001,김하늘,28,SSAFY 교육생,서울 관악구,월 300~350만원,USR-DEMO-001,TX-DEMO-0192,SEED,EXPENSE,CARD,CARD,2026-08-19,수,07:54,교통,대중교통,서울교통공사,M-07,2750,,CARD-DEMO-001,false,false,MODEL,AUTO,NONE,NORMAL,통학·이동
P-DEMO-001,김하늘,28,SSAFY 교육생,서울 관악구,월 300~350만원,USR-DEMO-001,TX-DEMO-0193,SEED,EXPENSE,CARD,CARD,2026-08-19,수,12:29,식비,점심,백반집,M-08,9600,,CARD-DEMO-001,false,false,USER,CONFIRMED,NONE,NORMAL,평일 점심
P-DEMO-001,김하늘,28,SSAFY 교육생,서울 관악구,월 300~350만원,USR-DEMO-001,TX-DEMO-0194,SEED,EXPENSE,WITHDRAW,ACCOUNT,2026-08-20,목,08:20,주거·통신,인터넷,인터넷 요금,M-23,34900,ACC-DEMO-001,,true,true,MERCHANT_MAP,AUTO,NONE,NORMAL,월 정기 지출
P-DEMO-001,김하늘,28,SSAFY 교육생,서울 관악구,월 300~350만원,USR-DEMO-001,TX-DEMO-0195,SEED,EXPENSE,CARD,CARD,2026-08-20,목,09:05,교통,대중교통,서울교통공사,M-07,3250,,CARD-DEMO-001,false,false,MERCHANT_MAP,PENDING,NONE,NORMAL,통학·이동
P-DEMO-001,김하늘,28,SSAFY 교육생,서울 관악구,월 300~350만원,USR-DEMO-001,TX-DEMO-0196,SEED,EXPENSE,CARD,CARD,2026-08-20,목,09:49,식비,편의점,세븐일레븐,M-37,9600,,CARD-DEMO-001,false,false,MERCHANT_MAP,AUTO,NONE,NORMAL,
P-DEMO-001,김하늘,28,SSAFY 교육생,서울 관악구,월 300~350만원,USR-DEMO-001,TX-DEMO-0197,SEED,EXPENSE,CARD,CARD,2026-08-20,목,11:44,식비,점심,구내식당,M-10,9200,,CARD-DEMO-001,false,false,MODEL,PENDING,NONE,NORMAL,평일 점심
P-DEMO-001,김하늘,28,SSAFY 교육생,서울 관악구,월 300~350만원,USR-DEMO-001,TX-DEMO-0198,SEED,EXPENSE,CARD,CARD,2026-08-20,목,17:18,쇼핑,의류,다이소,M-39,47000,,CARD-DEMO-001,false,false,MERCHANT_MAP,PENDING,NONE,NORMAL,비정기 구매
P-DEMO-001,김하늘,28,SSAFY 교육생,서울 관악구,월 300~350만원,USR-DEMO-001,TX-DEMO-0199,SEED,EXPENSE,CARD,CARD,2026-08-21,금,09:11,교통,대중교통,서울교통공사,M-07,2600,,CARD-DEMO-001,false,false,MODEL,AUTO,NONE,NORMAL,통학·이동
P-DEMO-001,김하늘,28,SSAFY 교육생,서울 관악구,월 300~350만원,USR-DEMO-001,TX-DEMO-0200,SEED,EXPENSE,CARD,CARD,2026-08-21,금,12:31,식비,점심,분식집,M-14,6500,,CARD-DEMO-001,false,false,MERCHANT_MAP,AUTO,NONE,NORMAL,평일 점심
P-DEMO-001,김하늘,28,SSAFY 교육생,서울 관악구,월 300~350만원,USR-DEMO-001,TX-DEMO-0201,SEED,EXPENSE,WITHDRAW,ACCOUNT,2026-08-22,토,08:40,주거·통신,공과금,전기·가스 요금,M-25,77000,ACC-DEMO-001,,true,true,MODEL,PENDING,NONE,NORMAL,사용량에 따라 변동
P-DEMO-001,김하늘,28,SSAFY 교육생,서울 관악구,월 300~350만원,USR-DEMO-001,TX-DEMO-0202,SEED,EXPENSE,CARD,CARD,2026-08-22,토,21:09,식비,저녁/외식,고깃집,M-13,51300,,CARD-DEMO-001,false,false,MERCHANT_MAP,AUTO,NONE,NORMAL,저녁 식사
P-DEMO-001,김하늘,28,SSAFY 교육생,서울 관악구,월 300~350만원,USR-DEMO-001,TX-DEMO-0203,SEED,EXPENSE,CARD,CARD,2026-08-23,일,15:44,식비,카페,편의점 커피,M-01,2600,,CARD-DEMO-001,false,false,MERCHANT_MAP,AUTO,NONE,NORMAL,
P-DEMO-001,김하늘,28,SSAFY 교육생,서울 관악구,월 300~350만원,USR-DEMO-001,TX-DEMO-0204,SEED,EXPENSE,CARD,CARD,2026-08-23,일,23:03,교통,택시,서울 택시,M-03,25800,,CARD-DEMO-001,false,false,MODEL,AUTO,NONE,NORMAL,
P-DEMO-001,김하늘,28,SSAFY 교육생,서울 관악구,월 300~350만원,USR-DEMO-001,TX-DEMO-0205,SEED,EXPENSE,CARD,CARD,2026-08-24,월,09:20,교통,대중교통,서울교통공사,M-07,3200,,CARD-DEMO-001,false,false,MERCHANT_MAP,AUTO,NONE,NORMAL,통학·이동
P-DEMO-001,김하늘,28,SSAFY 교육생,서울 관악구,월 300~350만원,USR-DEMO-001,TX-DEMO-0206,SEED,EXPENSE,CARD,CARD,2026-08-24,월,12:53,식비,점심,백반집,M-08,8700,,CARD-DEMO-001,false,false,USER,CONFIRMED,NONE,NORMAL,평일 점심
P-DEMO-001,김하늘,28,SSAFY 교육생,서울 관악구,월 300~350만원,USR-DEMO-001,TX-DEMO-0207,SEED,EXPENSE,CARD,CARD,2026-08-24,월,14:59,식비,카페,동네 카페,M-12,4600,,CARD-DEMO-001,false,false,MERCHANT_MAP,AUTO,NONE,NORMAL,
P-DEMO-001,김하늘,28,SSAFY 교육생,서울 관악구,월 300~350만원,USR-DEMO-001,TX-DEMO-0208,SEED,EXPENSE,CARD,CARD,2026-08-25,화,09:19,교통,대중교통,서울교통공사,M-07,1800,,CARD-DEMO-001,false,false,MERCHANT_MAP,AUTO,NONE,NORMAL,통학·이동
P-DEMO-001,김하늘,28,SSAFY 교육생,서울 관악구,월 300~350만원,USR-DEMO-001,TX-DEMO-0209,SEED,EXPENSE,CARD,CARD,2026-08-25,화,12:00,식비,점심,백반집,M-08,9700,,CARD-DEMO-001,false,false,MERCHANT_MAP,AUTO,NONE,NORMAL,평일 점심
P-DEMO-001,김하늘,28,SSAFY 교육생,서울 관악구,월 300~350만원,USR-DEMO-001,TX-DEMO-0210,SEED,EXPENSE,CARD,CARD,2026-08-25,화,21:44,사회·경조,모임,급여일 저녁 약속,M-34,67000,,CARD-DEMO-001,false,false,MERCHANT_MAP,AUTO,NONE,NORMAL,급여일 소비
P-DEMO-001,김하늘,28,SSAFY 교육생,서울 관악구,월 300~350만원,USR-DEMO-001,TX-DEMO-0211,SEED,EXPENSE,CARD,CARD,2026-08-26,수,09:06,식비,카페,동네 카페,M-12,3800,,CARD-DEMO-001,false,false,MERCHANT_MAP,AUTO,NONE,NORMAL,
P-DEMO-001,김하늘,28,SSAFY 교육생,서울 관악구,월 300~350만원,USR-DEMO-001,TX-DEMO-0212,SEED,EXPENSE,CARD,CARD,2026-08-26,수,09:19,교통,대중교통,서울교통공사,M-07,1900,,CARD-DEMO-001,false,false,MODEL,AUTO,NONE,NORMAL,통학·이동
P-DEMO-001,김하늘,28,SSAFY 교육생,서울 관악구,월 300~350만원,USR-DEMO-001,TX-DEMO-0213,SEED,EXPENSE,CARD,CARD,2026-08-26,수,19:25,교통,택시,서울 택시,M-03,18500,,CARD-DEMO-001,false,false,MERCHANT_MAP,AUTO,NONE,NORMAL,
P-DEMO-001,김하늘,28,SSAFY 교육생,서울 관악구,월 300~350만원,USR-DEMO-001,TX-DEMO-0214,SEED,EXPENSE,CARD,CARD,2026-08-27,목,08:08,교통,대중교통,서울교통공사,M-07,1950,,CARD-DEMO-001,false,false,MERCHANT_MAP,AUTO,NONE,NORMAL,통학·이동
P-DEMO-001,김하늘,28,SSAFY 교육생,서울 관악구,월 300~350만원,USR-DEMO-001,TX-DEMO-0215,SEED,EXPENSE,CARD,CARD,2026-08-27,목,08:37,식비,카페,프랜차이즈 카페,M-11,4000,,CARD-DEMO-001,false,false,MERCHANT_MAP,PENDING,NONE,NORMAL,
P-DEMO-001,김하늘,28,SSAFY 교육생,서울 관악구,월 300~350만원,USR-DEMO-001,TX-DEMO-0216,SEED,EXPENSE,CARD,CARD,2026-08-27,목,10:49,건강,약국,동네 약국,M-42,60000,,CARD-DEMO-001,false,false,MERCHANT_MAP,AUTO,NONE,NORMAL,건강 관련 지출
P-DEMO-001,김하늘,28,SSAFY 교육생,서울 관악구,월 300~350만원,USR-DEMO-001,TX-DEMO-0217,SEED,EXPENSE,CARD,CARD,2026-08-27,목,11:33,식비,점심,구내식당,M-10,8900,,CARD-DEMO-001,false,false,MERCHANT_MAP,AUTO,NONE,NORMAL,평일 점심
P-DEMO-001,김하늘,28,SSAFY 교육생,서울 관악구,월 300~350만원,USR-DEMO-001,TX-DEMO-0218,SEED,EXPENSE,CARD,CARD,2026-08-28,금,08:50,교통,대중교통,서울교통공사,M-07,1550,,CARD-DEMO-001,false,false,USER,CONFIRMED,NONE,NORMAL,통학·이동
P-DEMO-001,김하늘,28,SSAFY 교육생,서울 관악구,월 300~350만원,USR-DEMO-001,TX-DEMO-0219,SEED,EXPENSE,CARD,CARD,2026-08-28,금,12:05,식비,점심,백반집,M-08,9500,,CARD-DEMO-001,false,false,MODEL,AUTO,NONE,NORMAL,평일 점심
P-DEMO-001,김하늘,28,SSAFY 교육생,서울 관악구,월 300~350만원,USR-DEMO-001,TX-DEMO-0220,SEED,EXPENSE,CARD,CARD,2026-08-28,금,18:22,식비,편의점,GS25,M-09,11400,,CARD-DEMO-001,false,false,MERCHANT_MAP,AUTO,NONE,NORMAL,
P-DEMO-001,김하늘,28,SSAFY 교육생,서울 관악구,월 300~350만원,USR-DEMO-001,TX-DEMO-0221,SEED,EXPENSE,CARD,CARD,2026-08-29,토,21:32,식비,편의점,세븐일레븐,M-37,3300,,CARD-DEMO-001,false,false,USER,CONFIRMED,NONE,NORMAL,
P-DEMO-001,김하늘,28,SSAFY 교육생,서울 관악구,월 300~350만원,USR-DEMO-001,TX-DEMO-0222,SEED,EXPENSE,CARD,CARD,2026-08-31,월,07:49,교통,대중교통,서울교통공사,M-07,1500,,CARD-DEMO-001,false,false,MODEL,AUTO,NONE,NORMAL,통학·이동
P-DEMO-001,김하늘,28,SSAFY 교육생,서울 관악구,월 300~350만원,USR-DEMO-001,TX-DEMO-0223,SEED,EXPENSE,CARD,CARD,2026-08-31,월,12:11,식비,점심,분식집,M-14,7700,,CARD-DEMO-001,false,false,MODEL,AUTO,NONE,NORMAL,평일 점심
P-DEMO-001,김하늘,28,SSAFY 교육생,서울 관악구,월 300~350만원,USR-DEMO-001,TX-DEMO-0224,SEED,EXPENSE,CARD,CARD,2026-08-31,월,20:50,식비,저녁/외식,닭갈비집,M-32,28000,,CARD-DEMO-001,false,false,MODEL,AUTO,NONE,NORMAL,저녁 식사
P-DEMO-001,김하늘,28,SSAFY 교육생,서울 관악구,월 300~350만원,USR-DEMO-001,TX-DEMO-0225,SEED,EXPENSE,CARD,CARD,2026-09-01,화,08:13,교통,대중교통,서울교통공사,M-07,1950,,CARD-DEMO-001,false,false,USER,CONFIRMED,NONE,NORMAL,통학·이동
P-DEMO-001,김하늘,28,SSAFY 교육생,서울 관악구,월 300~350만원,USR-DEMO-001,TX-DEMO-0226,SEED,EXPENSE,CARD,CARD,2026-09-01,화,13:41,식비,점심,분식집,M-14,7200,,CARD-DEMO-001,false,false,MODEL,AUTO,NONE,NORMAL,평일 점심
P-DEMO-001,김하늘,28,SSAFY 교육생,서울 관악구,월 300~350만원,USR-DEMO-001,TX-DEMO-0227,SEED,EXPENSE,CARD,CARD,2026-09-01,화,14:06,식비,카페,프랜차이즈 카페,M-11,5700,,CARD-DEMO-001,false,false,MERCHANT_MAP,AUTO,NONE,NORMAL,
P-DEMO-001,김하늘,28,SSAFY 교육생,서울 관악구,월 300~350만원,USR-DEMO-001,TX-DEMO-0228,SEED,EXPENSE,CARD,CARD,2026-09-01,화,21:13,식비,저녁/외식,닭갈비집,M-32,25100,,CARD-DEMO-001,false,false,MERCHANT_MAP,AUTO,NONE,NORMAL,저녁 식사
P-DEMO-001,김하늘,28,SSAFY 교육생,서울 관악구,월 300~350만원,USR-DEMO-001,TX-DEMO-0229,SEED,EXPENSE,CARD,CARD,2026-09-01,화,21:27,사회·경조,모임,동료 모임,M-17,40000,,CARD-DEMO-001,false,false,MERCHANT_MAP,PENDING,NONE,NORMAL,약속·모임
P-DEMO-001,김하늘,28,SSAFY 교육생,서울 관악구,월 300~350만원,USR-DEMO-001,TX-DEMO-0230,SEED,EXPENSE,CARD,CARD,2026-09-02,수,08:14,교통,대중교통,서울교통공사,M-07,2200,,CARD-DEMO-001,false,false,MERCHANT_MAP,PENDING,NONE,NORMAL,통학·이동
P-DEMO-001,김하늘,28,SSAFY 교육생,서울 관악구,월 300~350만원,USR-DEMO-001,TX-DEMO-0231,SEED,EXPENSE,CARD,CARD,2026-09-02,수,12:49,식비,편의점,GS25,M-09,5800,,CARD-DEMO-001,false,false,MODEL,AUTO,NONE,NORMAL,
P-DEMO-001,김하늘,28,SSAFY 교육생,서울 관악구,월 300~350만원,USR-DEMO-001,TX-DEMO-0232,SEED,EXPENSE,CARD,CARD,2026-09-02,수,13:05,식비,점심,분식집,M-14,9000,,CARD-DEMO-001,false,false,MERCHANT_MAP,AUTO,NONE,NORMAL,평일 점심
P-DEMO-001,김하늘,28,SSAFY 교육생,서울 관악구,월 300~350만원,USR-DEMO-001,TX-DEMO-0233,SEED,EXPENSE,CARD,CARD,2026-09-02,수,16:12,식비,카페,편의점 커피,M-01,3000,,CARD-DEMO-001,false,false,MODEL,AUTO,NONE,NORMAL,
P-DEMO-001,김하늘,28,SSAFY 교육생,서울 관악구,월 300~350만원,USR-DEMO-001,TX-DEMO-0234,SEED,EXPENSE,CARD,CARD,2026-09-03,목,08:06,교통,대중교통,서울교통공사,M-07,1950,,CARD-DEMO-001,false,false,MERCHANT_MAP,AUTO,NONE,NORMAL,통학·이동
P-DEMO-001,김하늘,28,SSAFY 교육생,서울 관악구,월 300~350만원,USR-DEMO-001,TX-DEMO-0235,SEED,EXPENSE,CARD,CARD,2026-09-03,목,11:45,식비,점심,샐러드 가게,M-21,11400,,CARD-DEMO-001,false,false,MODEL,AUTO,NONE,NORMAL,평일 점심
P-DEMO-001,김하늘,28,SSAFY 교육생,서울 관악구,월 300~350만원,USR-DEMO-001,TX-DEMO-0236,SEED,EXPENSE,CARD,CARD,2026-09-03,목,19:10,여가·문화,헬스장,동네 헬스장,M-31,50000,,CARD-DEMO-001,true,true,MERCHANT_MAP,AUTO,NONE,NORMAL,월 정기 결제
